

Microchip MPLAB XC8 Assembler V3.10 build 20250813170317 
                                                                                               Sun May 17 18:14:32 2026

Microchip MPLAB XC8 C Compiler v3.10 (Free license) build 20250813170317 Og1 
     1                           	processor	16F628A
     2                           	pagewidth 120
     3                           	opt	flic
     4                           	psect	idataBANK0,global,class=CODE,space=0,delta=2,noexec
     5                           	psect	cinit,global,class=CODE,space=0,merge=1,delta=2
     6                           	psect	bssCOMMON,global,class=COMMON,space=1,delta=1,noexec
     7                           	psect	bssBANK0,global,class=BANK0,space=1,delta=1,noexec
     8                           	psect	dataBANK0,global,class=BANK0,space=1,delta=1,noexec
     9                           	psect	clrtext,global,class=CODE,space=0,delta=2
    10                           	psect	cstackCOMMON,global,class=COMMON,space=1,delta=1,noexec
    11                           	psect	cstackBANK0,global,class=BANK0,space=1,delta=1,noexec
    12                           	psect	maintext,global,class=CODE,space=0,split=1,delta=2
    13                           	psect	text1,local,class=CODE,space=0,merge=1,delta=2
    14                           	psect	text2,local,class=CODE,space=0,merge=1,delta=2
    15                           	psect	text3,local,class=CODE,space=0,merge=1,delta=2
    16                           	psect	text4,local,class=CODE,space=0,merge=1,delta=2
    17                           	psect	text5,local,class=CODE,space=0,merge=1,delta=2
    18                           	psect	text6,local,class=CODE,space=0,merge=1,delta=2
    19                           	psect	text7,local,class=CODE,space=0,merge=1,delta=2
    20                           	psect	text8,local,class=CODE,space=0,merge=1,delta=2
    21                           	psect	text9,local,class=CODE,space=0,merge=1,delta=2
    22                           	psect	text10,local,class=CODE,space=0,merge=1,delta=2
    23                           	psect	intentry,global,class=CODE,space=0,delta=2
    24                           	psect	text11,local,class=CODE,space=0,merge=1,delta=2
    25                           	psect	text12,local,class=CODE,space=0,merge=1,delta=2
    26                           	psect	config,global,abs,ovrld,class=CONFIG,space=4,delta=2,noexec
    27                           	dabs	1,0x7E,2
    28     0000                     
    29                           ; Generated 26/03/2025 GMT
    30                           ; 
    31                           ; Copyright © 2025, Microchip Technology Inc. and its subsidiaries ("Microchip")
    32                           ; All rights reserved.
    33                           ; 
    34                           ; This software is developed by Microchip Technology Inc. and its subsidiaries ("Microch
      +                          ip").
    35                           ; 
    36                           ; Redistribution and use in source and binary forms, with or without modification, are
    37                           ; permitted provided that the following conditions are met:
    38                           ; 
    39                           ;     1. Redistributions of source code must retain the above copyright notice, this lis
      +                          t of
    40                           ;        conditions and the following disclaimer.
    41                           ; 
    42                           ;     2. Redistributions in binary form must reproduce the above copyright notice, this 
      +                          list
    43                           ;        of conditions and the following disclaimer in the documentation and/or other
    44                           ;        materials provided with the distribution. Publication is not required when
    45                           ;        this file is used in an embedded application.
    46                           ; 
    47                           ;     3. Microchip's name may not be used to endorse or promote products derived from th
      +                          is
    48                           ;        software without specific prior written permission.
    49                           ; 
    50                           ; THIS SOFTWARE IS PROVIDED BY MICROCHIP "AS IS" AND ANY EXPRESS OR IMPLIED WARRANTIES,
    51                           ; INCLUDING, BUT NOT LIMITED TO, THE IMPLIED WARRANTIES OF MERCHANTABILITY AND FITNESS F
      +                          OR
    52                           ; PURPOSE ARE DISCLAIMED.  IN NO EVENT SHALL MICROCHIP BE LIABLE FOR ANY DIRECT, INDIREC
      +                          T,
    53                           ; INCIDENTAL, SPECIAL, EXEMPLARY, OR CONSEQUENTIAL DAMAGES (INCLUDING BUT NOT LIMITED TO
    54                           ; PROCUREMENT OF SUBSTITUTE GOODS OR SERVICES; LOSS OF USE, DATA OR PROFITS; OR BUSINESS
    55                           ; INTERRUPTION) HOWSOEVER CAUSED AND ON ANY THEORY OF LIABILITY, WHETHER IN CONTRACT, ST
      +                          RICT
    56                           ; LIABILITY, OR TORT (INCLUDING NEGLIGENCE OR OTHERWISE) ARISING IN ANY WAY OUT OF THE U
      +                          SE OF
    57                           ; THIS SOFTWARE, EVEN IF ADVISED OF THE POSSIBILITY OF SUCH DAMAGE.
    58                           ; 
    59                           ; 
    60                           ; Code-generator required, PIC16F628A Definitions
    61                           ; 
    62                           ; SFR Addresses
    63     0004                     fsr             equ	4
    64     0004                     fsr0            equ	4
    65     0000                     indf            equ	0
    66     0000                     indf0           equ	0
    67     0002                     pc              equ	2
    68     0002                     pcl             equ	2
    69     000A                     pclath          equ	10
    70     0003                     status          equ	3
    71     0000                     INDF            equ	0	;# 
    72     0001                     TMR0            equ	1	;# 
    73     0002                     PCL             equ	2	;# 
    74     0003                     STATUS          equ	3	;# 
    75     0004                     FSR             equ	4	;# 
    76     0005                     PORTA           equ	5	;# 
    77     0006                     PORTB           equ	6	;# 
    78     000A                     PCLATH          equ	10	;# 
    79     000B                     INTCON          equ	11	;# 
    80     000C                     PIR1            equ	12	;# 
    81     000E                     TMR1            equ	14	;# 
    82     000E                     TMR1L           equ	14	;# 
    83     000F                     TMR1H           equ	15	;# 
    84     0010                     T1CON           equ	16	;# 
    85     0011                     TMR2            equ	17	;# 
    86     0012                     T2CON           equ	18	;# 
    87     0015                     CCPR1           equ	21	;# 
    88     0015                     CCPR1L          equ	21	;# 
    89     0016                     CCPR1H          equ	22	;# 
    90     0017                     CCP1CON         equ	23	;# 
    91     0018                     RCSTA           equ	24	;# 
    92     0019                     TXREG           equ	25	;# 
    93     001A                     RCREG           equ	26	;# 
    94     001F                     CMCON           equ	31	;# 
    95     0081                     OPTION_REG      equ	129	;# 
    96     0085                     TRISA           equ	133	;# 
    97     0086                     TRISB           equ	134	;# 
    98     008C                     PIE1            equ	140	;# 
    99     008E                     PCON            equ	142	;# 
   100     0092                     PR2             equ	146	;# 
   101     0098                     TXSTA           equ	152	;# 
   102     0099                     SPBRG           equ	153	;# 
   103     009A                     EEDATA          equ	154	;# 
   104     009B                     EEADR           equ	155	;# 
   105     009C                     EECON1          equ	156	;# 
   106     009D                     EECON2          equ	157	;# 
   107     009F                     VRCON           equ	159	;# 
   108     0000                     INDF            equ	0	;# 
   109     0001                     TMR0            equ	1	;# 
   110     0002                     PCL             equ	2	;# 
   111     0003                     STATUS          equ	3	;# 
   112     0004                     FSR             equ	4	;# 
   113     0005                     PORTA           equ	5	;# 
   114     0006                     PORTB           equ	6	;# 
   115     000A                     PCLATH          equ	10	;# 
   116     000B                     INTCON          equ	11	;# 
   117     000C                     PIR1            equ	12	;# 
   118     000E                     TMR1            equ	14	;# 
   119     000E                     TMR1L           equ	14	;# 
   120     000F                     TMR1H           equ	15	;# 
   121     0010                     T1CON           equ	16	;# 
   122     0011                     TMR2            equ	17	;# 
   123     0012                     T2CON           equ	18	;# 
   124     0015                     CCPR1           equ	21	;# 
   125     0015                     CCPR1L          equ	21	;# 
   126     0016                     CCPR1H          equ	22	;# 
   127     0017                     CCP1CON         equ	23	;# 
   128     0018                     RCSTA           equ	24	;# 
   129     0019                     TXREG           equ	25	;# 
   130     001A                     RCREG           equ	26	;# 
   131     001F                     CMCON           equ	31	;# 
   132     0081                     OPTION_REG      equ	129	;# 
   133     0085                     TRISA           equ	133	;# 
   134     0086                     TRISB           equ	134	;# 
   135     008C                     PIE1            equ	140	;# 
   136     008E                     PCON            equ	142	;# 
   137     0092                     PR2             equ	146	;# 
   138     0098                     TXSTA           equ	152	;# 
   139     0099                     SPBRG           equ	153	;# 
   140     009A                     EEDATA          equ	154	;# 
   141     009B                     EEADR           equ	155	;# 
   142     009C                     EECON1          equ	156	;# 
   143     009D                     EECON2          equ	157	;# 
   144     009F                     VRCON           equ	159	;# 
   145                           
   146                           	psect	idataBANK0
   147     0242                     __pidataBANK0:
   148                           
   149                           ;initializer for _tempo_tela
   150     0242  3430               	retlw	48
   151     0243  3475               	retlw	117
   152     0244  3400               	retlw	0
   153     0245  3400               	retlw	0
   154                           
   155                           ;initializer for _tempo_motor
   156     0246  3430               	retlw	48
   157     0247  3475               	retlw	117
   158     0248  3400               	retlw	0
   159     0249  3400               	retlw	0
   160     0006                     _PORTBbits      set	6
   161     0005                     _PORTAbits      set	5
   162     0006                     _PORTB          set	6
   163     0005                     _PORTA          set	5
   164     001F                     _CMCON          set	31
   165     0001                     _TMR0           set	1
   166     005F                     _GIE            set	95
   167     005D                     _T0IE           set	93
   168     005A                     _T0IF           set	90
   169     0081                     _OPTION_REG     set	129
   170     0086                     _TRISB          set	134
   171     0085                     _TRISA          set	133
   172                           
   173                           	psect	cinit
   174     000B                     start_initialization:	
   175                           ; #config settings
   176                           
   177     000B                     __initialization:
   178                           
   179                           ; Initialize objects allocated to BANK0
   180     000B  2242               	fcall	__pidataBANK0	;fetch initializer
   181     000C  00BA               	movwf	__pdataBANK0& (0+127)
   182     000D  2243               	fcall	__pidataBANK0+1	;fetch initializer
   183     000E  00BB               	movwf	(__pdataBANK0+1)& (0+127)
   184     000F  2244               	fcall	__pidataBANK0+2	;fetch initializer
   185     0010  00BC               	movwf	(__pdataBANK0+2)& (0+127)
   186     0011  2245               	fcall	__pidataBANK0+3	;fetch initializer
   187     0012  00BD               	movwf	(__pdataBANK0+3)& (0+127)
   188     0013  2246               	fcall	__pidataBANK0+4	;fetch initializer
   189     0014  00BE               	movwf	(__pdataBANK0+4)& (0+127)
   190     0015  2247               	fcall	__pidataBANK0+5	;fetch initializer
   191     0016  00BF               	movwf	(__pdataBANK0+5)& (0+127)
   192     0017  2248               	fcall	__pidataBANK0+6	;fetch initializer
   193     0018  00C0               	movwf	(__pdataBANK0+6)& (0+127)
   194     0019  2249               	fcall	__pidataBANK0+7	;fetch initializer
   195     001A  00C1               	movwf	(__pdataBANK0+7)& (0+127)
   196                           
   197                           ; Clear objects allocated to BANK0
   198     001B  1383               	bcf	3,7	;select IRP bank0
   199     001C  3020               	movlw	low __pbssBANK0
   200     001D  0084               	movwf	4
   201     001E  302E               	movlw	low (__pbssBANK0+14)
   202     001F  224A               	fcall	clear_ram0
   203                           
   204                           ; Clear objects allocated to COMMON
   205     0020  01FA               	clrf	__pbssCOMMON& (0+127)
   206     0021  01FB               	clrf	(__pbssCOMMON+1)& (0+127)
   207     0022                     end_of_initialization:	
   208                           ;End of C runtime variable initialization code
   209                           
   210     0022                     __end_of__initialization:
   211     0022  0183               	clrf	3
   212     0023  2A52               	ljmp	_main	;jump to C main() function
   213                           
   214                           	psect	bssCOMMON
   215     007A                     __pbssCOMMON:
   216     007A                     _tela_ativa:
   217     007A                     	ds	1
   218     007B                     _estado_motor:
   219     007B                     	ds	1
   220                           
   221                           	psect	bssBANK0
   222     0020                     __pbssBANK0:
   223     0020                     _contador_tela:
   224     0020                     	ds	4
   225     0024                     _contador_motor:
   226     0024                     	ds	4
   227     0028                     _tempo_bits_ok:
   228     0028                     	ds	1
   229     0029                     _fim_INF_ok:
   230     0029                     	ds	1
   231     002A                     _fim_SUP_ok:
   232     002A                     	ds	1
   233     002B                     _TELA_ok:
   234     002B                     	ds	1
   235     002C                     _DW_ok:
   236     002C                     	ds	1
   237     002D                     _UP_ok:
   238     002D                     	ds	1
   239                           
   240                           	psect	dataBANK0
   241     003A                     __pdataBANK0:
   242     003A                     _tempo_tela:
   243     003A                     	ds	4
   244     003E                     _tempo_motor:
   245     003E                     	ds	4
   246                           
   247                           	psect	clrtext
   248     024A                     clear_ram0:	
   249                           ;	Called with FSR containing the base address, and
   250                           ;	W with the last address+1
   251                           
   252     024A  0064               	clrwdt	;clear the watchdog before getting into this loop
   253     024B                     clrloop0:
   254     024B  0180               	clrf	0	;clear RAM location pointed to by FSR
   255     024C  0A84               	incf	4,f	;increment pointer
   256     024D  0604               	xorwf	4,w	;XOR with final address
   257     024E  1903               	btfsc	3,2	;have we reached the end yet?
   258     024F  3400               	retlw	0	;all done for this memory range, return
   259     0250  0604               	xorwf	4,w	;XOR again to restore value
   260     0251  2A4B               	goto	clrloop0	;do the next byte
   261                           
   262                           	psect	cstackCOMMON
   263     0070                     __pcstackCOMMON:
   264     0070                     ?_parar_motor:
   265     0070                     ?_parar_tela:	
   266                           ; 1 bytes @ 0x0
   267                           
   268     0070                     ?_setup:	
   269                           ; 1 bytes @ 0x0
   270                           
   271     0070                     ?_le_entradas_debounce:	
   272                           ; 1 bytes @ 0x0
   273                           
   274     0070                     ?_define_timer:	
   275                           ; 1 bytes @ 0x0
   276                           
   277     0070                     ?_atualizar_motor:	
   278                           ; 1 bytes @ 0x0
   279                           
   280     0070                     ?_atualizar_tela:	
   281                           ; 1 bytes @ 0x0
   282                           
   283     0070                     ?_iniciar_subida:	
   284                           ; 1 bytes @ 0x0
   285                           
   286     0070                     ?_iniciar_descida:	
   287                           ; 1 bytes @ 0x0
   288                           
   289     0070                     ?_isr:	
   290                           ; 1 bytes @ 0x0
   291                           
   292     0070                     ?_main:	
   293                           ; 1 bytes @ 0x0
   294                           
   295     0070                     ?i1_parar_motor:	
   296                           ; 1 bytes @ 0x0
   297                           
   298     0070                     ??_parar_tela:	
   299                           ; 1 bytes @ 0x0
   300                           
   301     0070                     ??_isr:	
   302                           ; 1 bytes @ 0x0
   303                           
   304     0070                     ??i1_parar_motor:	
   305                           ; 1 bytes @ 0x0
   306                           
   307                           
   308                           ; 1 bytes @ 0x0
   309     0070                     	ds	2
   310     0072                     ?_tempo_por_bits:
   311     0072                     ??_parar_motor:	
   312                           ; 4 bytes @ 0x2
   313                           
   314     0072                     ??_setup:	
   315                           ; 1 bytes @ 0x2
   316                           
   317     0072                     ??_le_entradas_debounce:	
   318                           ; 1 bytes @ 0x2
   319                           
   320     0072                     ??_atualizar_motor:	
   321                           ; 1 bytes @ 0x2
   322                           
   323     0072                     ??_atualizar_tela:	
   324                           ; 1 bytes @ 0x2
   325                           
   326     0072                     ??_iniciar_subida:	
   327                           ; 1 bytes @ 0x2
   328                           
   329     0072                     ??_iniciar_descida:	
   330                           ; 1 bytes @ 0x2
   331                           
   332                           
   333                           ; 1 bytes @ 0x2
   334     0072                     	ds	4
   335     0076                     tempo_por_bits@valor:
   336     0076                     ??_tempo_por_bits:	
   337                           ; 1 bytes @ 0x6
   338                           
   339                           
   340                           ; 1 bytes @ 0x6
   341     0076                     	ds	1
   342     0077                     ??_define_timer:
   343                           
   344                           ; 1 bytes @ 0x7
   345     0077                     	ds	1
   346     0078                     define_timer@bits_motor:
   347                           
   348                           ; 1 bytes @ 0x8
   349     0078                     	ds	1
   350     0079                     define_timer@bits_tela:
   351                           
   352                           ; 1 bytes @ 0x9
   353     0079                     	ds	1
   354     007A                     ??_main:
   355                           
   356                           	psect	cstackBANK0
   357     002E                     __pcstackBANK0:	
   358                           ; 1 bytes @ 0xA
   359                           
   360     002E                     le_entradas_debounce@up1:
   361                           
   362                           ; 1 bytes @ 0x0
   363     002E                     	ds	1
   364     002F                     le_entradas_debounce@dw1:
   365                           
   366                           ; 1 bytes @ 0x1
   367     002F                     	ds	1
   368     0030                     le_entradas_debounce@tela1:
   369                           
   370                           ; 1 bytes @ 0x2
   371     0030                     	ds	1
   372     0031                     le_entradas_debounce@sup1:
   373                           
   374                           ; 1 bytes @ 0x3
   375     0031                     	ds	1
   376     0032                     le_entradas_debounce@inf1:
   377                           
   378                           ; 1 bytes @ 0x4
   379     0032                     	ds	1
   380     0033                     le_entradas_debounce@tempo1:
   381                           
   382                           ; 1 bytes @ 0x5
   383     0033                     	ds	1
   384     0034                     le_entradas_debounce@up2:
   385                           
   386                           ; 1 bytes @ 0x6
   387     0034                     	ds	1
   388     0035                     le_entradas_debounce@dw2:
   389                           
   390                           ; 1 bytes @ 0x7
   391     0035                     	ds	1
   392     0036                     le_entradas_debounce@tela2:
   393                           
   394                           ; 1 bytes @ 0x8
   395     0036                     	ds	1
   396     0037                     le_entradas_debounce@sup2:
   397                           
   398                           ; 1 bytes @ 0x9
   399     0037                     	ds	1
   400     0038                     le_entradas_debounce@inf2:
   401                           
   402                           ; 1 bytes @ 0xA
   403     0038                     	ds	1
   404     0039                     le_entradas_debounce@tempo2:
   405                           
   406                           ; 1 bytes @ 0xB
   407     0039                     	ds	1
   408                           
   409                           	psect	maintext
   410     0252                     __pmaintext:	
   411 ;;
   412 ;;Main: autosize = 0, tempsize = 0, incstack = 0, save=0
   413 ;;
   414 ;; *************** function _main *****************
   415 ;; Defined at:
   416 ;;		line 124 in file "main.c"
   417 ;; Parameters:    Size  Location     Type
   418 ;;		None
   419 ;; Auto vars:     Size  Location     Type
   420 ;;		None
   421 ;; Return value:  Size  Location     Type
   422 ;;                  1    wreg      void 
   423 ;; Registers used:
   424 ;;		wreg, fsr0l, fsr0h, status,2, status,0, pclath, cstack
   425 ;; Tracked objects:
   426 ;;		On entry : B00/0
   427 ;;		On exit  : 0/0
   428 ;;		Unchanged: 0/0
   429 ;; Data sizes:     COMMON   BANK0   BANK1   BANK2
   430 ;;      Params:         0       0       0       0
   431 ;;      Locals:         0       0       0       0
   432 ;;      Temps:          0       0       0       0
   433 ;;      Totals:         0       0       0       0
   434 ;;Total ram usage:        0 bytes
   435 ;; Hardware stack levels required when called: 4
   436 ;; This function calls:
   437 ;;		_atualizar_motor
   438 ;;		_atualizar_tela
   439 ;;		_define_timer
   440 ;;		_le_entradas_debounce
   441 ;;		_setup
   442 ;; This function is called by:
   443 ;;		Startup code after reset
   444 ;; This function uses a non-reentrant model
   445 ;;
   446                           
   447     0252                     _main:	
   448                           ;psect for function _main
   449                           
   450     0252                     l1081:	
   451                           ;incstack = 0
   452                           ; Regs used in _main: [wreg-fsr0h+status,2+status,0+pclath+cstack]
   453                           
   454                           
   455                           ;main.c: 126:     setup();
   456     0252  21D3               	fcall	_setup
   457     0253                     l1083:
   458                           
   459                           ;main.c: 129:     {;main.c: 130:         le_entradas_debounce();
   460     0253  2024               	fcall	_le_entradas_debounce
   461     0254                     l1085:
   462                           
   463                           ;main.c: 132:         define_timer();
   464     0254  2188               	fcall	_define_timer
   465     0255                     l1087:
   466                           
   467                           ;main.c: 134:         atualizar_motor();
   468     0255  2104               	fcall	_atualizar_motor
   469     0256                     l1089:
   470                           
   471                           ;main.c: 136:         atualizar_tela();
   472     0256  21B3               	fcall	_atualizar_tela
   473     0257  2A53               	goto	l1083
   474     0258  280A               	ljmp	start
   475     0259                     __end_of_main:
   476                           
   477                           	psect	text1
   478     01D3                     __ptext1:	
   479 ;; *************** function _setup *****************
   480 ;; Defined at:
   481 ;;		line 144 in file "main.c"
   482 ;; Parameters:    Size  Location     Type
   483 ;;		None
   484 ;; Auto vars:     Size  Location     Type
   485 ;;		None
   486 ;; Return value:  Size  Location     Type
   487 ;;                  1    wreg      void 
   488 ;; Registers used:
   489 ;;		status,2
   490 ;; Tracked objects:
   491 ;;		On entry : 0/0
   492 ;;		On exit  : 0/0
   493 ;;		Unchanged: 0/0
   494 ;; Data sizes:     COMMON   BANK0   BANK1   BANK2
   495 ;;      Params:         0       0       0       0
   496 ;;      Locals:         0       0       0       0
   497 ;;      Temps:          0       0       0       0
   498 ;;      Totals:         0       0       0       0
   499 ;;Total ram usage:        0 bytes
   500 ;; Hardware stack levels used: 1
   501 ;; Hardware stack levels required when called: 2
   502 ;; This function calls:
   503 ;;		Nothing
   504 ;; This function is called by:
   505 ;;		_main
   506 ;; This function uses a non-reentrant model
   507 ;;
   508                           
   509     01D3                     _setup:	
   510                           ;psect for function _setup
   511                           
   512     01D3                     l753:	
   513                           ;incstack = 0
   514                           ; Regs used in _setup: [status,2]
   515                           
   516                           
   517                           ;main.c: 146:     CMCON = 0x07;
   518     01D3  3007               	movlw	7
   519     01D4  1283               	bcf	3,5	;RP0=0, select bank0
   520     01D5  1303               	bcf	3,6	;RP1=0, select bank0
   521     01D6  009F               	movwf	31	;volatile
   522                           
   523                           ;main.c: 148:     TRISA = 0b00000111;
   524     01D7  3007               	movlw	7
   525     01D8  1683               	bsf	3,5	;RP0=1, select bank1
   526     01D9  1303               	bcf	3,6	;RP1=0, select bank1
   527     01DA  0085               	movwf	5	;volatile
   528                           
   529                           ;main.c: 155:     TRISB = 0b11111100;
   530     01DB  30FC               	movlw	252
   531     01DC  0086               	movwf	6	;volatile
   532     01DD                     l755:
   533                           
   534                           ;main.c: 157:     PORTA = 0;
   535     01DD  1283               	bcf	3,5	;RP0=0, select bank0
   536     01DE  1303               	bcf	3,6	;RP1=0, select bank0
   537     01DF  0185               	clrf	5	;volatile
   538                           
   539                           ;main.c: 158:     PORTB = 0;
   540     01E0  0186               	clrf	6	;volatile
   541     01E1                     l757:
   542                           
   543                           ;main.c: 161:     OPTION_REG = 0b00000001;
   544     01E1  3001               	movlw	1
   545     01E2  1683               	bsf	3,5	;RP0=1, select bank1
   546     01E3  1303               	bcf	3,6	;RP1=0, select bank1
   547     01E4  0081               	movwf	1	;volatile
   548     01E5                     l759:
   549                           
   550                           ;main.c: 163:     TMR0 = 6;
   551     01E5  3006               	movlw	6
   552     01E6  1283               	bcf	3,5	;RP0=0, select bank0
   553     01E7  1303               	bcf	3,6	;RP1=0, select bank0
   554     01E8  0081               	movwf	1	;volatile
   555     01E9                     l761:
   556                           
   557                           ;main.c: 165:     T0IE = 1;
   558     01E9  168B               	bsf	11,5	;volatile
   559     01EA                     l763:
   560                           
   561                           ;main.c: 166:     GIE = 1;
   562     01EA  178B               	bsf	11,7	;volatile
   563     01EB                     l91:
   564     01EB  0008               	return
   565     01EC                     __end_of_setup:
   566                           
   567                           	psect	text2
   568     0024                     __ptext2:	
   569 ;; *************** function _le_entradas_debounce *****************
   570 ;; Defined at:
   571 ;;		line 173 in file "main.c"
   572 ;; Parameters:    Size  Location     Type
   573 ;;		None
   574 ;; Auto vars:     Size  Location     Type
   575 ;;  tempo2          1   11[BANK0 ] unsigned char 
   576 ;;  inf2            1   10[BANK0 ] unsigned char 
   577 ;;  sup2            1    9[BANK0 ] unsigned char 
   578 ;;  tela2           1    8[BANK0 ] unsigned char 
   579 ;;  dw2             1    7[BANK0 ] unsigned char 
   580 ;;  up2             1    6[BANK0 ] unsigned char 
   581 ;;  tempo1          1    5[BANK0 ] unsigned char 
   582 ;;  inf1            1    4[BANK0 ] unsigned char 
   583 ;;  sup1            1    3[BANK0 ] unsigned char 
   584 ;;  tela1           1    2[BANK0 ] unsigned char 
   585 ;;  dw1             1    1[BANK0 ] unsigned char 
   586 ;;  up1             1    0[BANK0 ] unsigned char 
   587 ;; Return value:  Size  Location     Type
   588 ;;                  1    wreg      void 
   589 ;; Registers used:
   590 ;;		wreg, status,2, status,0
   591 ;; Tracked objects:
   592 ;;		On entry : 0/0
   593 ;;		On exit  : 0/0
   594 ;;		Unchanged: 0/0
   595 ;; Data sizes:     COMMON   BANK0   BANK1   BANK2
   596 ;;      Params:         0       0       0       0
   597 ;;      Locals:         0      12       0       0
   598 ;;      Temps:          2       0       0       0
   599 ;;      Totals:         2      12       0       0
   600 ;;Total ram usage:       14 bytes
   601 ;; Hardware stack levels used: 1
   602 ;; Hardware stack levels required when called: 2
   603 ;; This function calls:
   604 ;;		Nothing
   605 ;; This function is called by:
   606 ;;		_main
   607 ;; This function uses a non-reentrant model
   608 ;;
   609                           
   610     0024                     _le_entradas_debounce:	
   611                           ;psect for function _le_entradas_debounce
   612                           
   613     0024                     l957:	
   614                           ;incstack = 0
   615                           ; Regs used in _le_entradas_debounce: [wreg+status,2+status,0]
   616                           
   617                           
   618                           ;main.c: 175:     uint8_t up1, dw1, tela1, sup1, inf1, tempo1;;main.c: 176:     uint8_t 
      +                          up2, dw2, tela2, sup2, inf2, tempo2;;main.c: 178:     up1 = PORTAbits.RA0;
   619     0024  1283               	bcf	3,5	;RP0=0, select bank0
   620     0025  1303               	bcf	3,6	;RP1=0, select bank0
   621     0026  0805               	movf	5,w	;volatile
   622     0027  3901               	andlw	1
   623     0028  00AE               	movwf	le_entradas_debounce@up1
   624                           
   625                           ;main.c: 179:     dw1 = PORTAbits.RA1;
   626     0029  0C05               	rrf	5,w	;volatile
   627     002A  3901               	andlw	1
   628     002B  00AF               	movwf	le_entradas_debounce@dw1
   629                           
   630                           ;main.c: 180:     tela1 = PORTAbits.RA2;
   631     002C  0C05               	rrf	5,w	;volatile
   632     002D  00F2               	movwf	??_le_entradas_debounce
   633     002E  0C72               	rrf	??_le_entradas_debounce,w
   634     002F  3901               	andlw	1
   635     0030  00B0               	movwf	le_entradas_debounce@tela1
   636                           
   637                           ;main.c: 181:     sup1 = PORTBbits.RB2;
   638     0031  0C06               	rrf	6,w	;volatile
   639     0032  00F2               	movwf	??_le_entradas_debounce
   640     0033  0C72               	rrf	??_le_entradas_debounce,w
   641     0034  3901               	andlw	1
   642     0035  00B1               	movwf	le_entradas_debounce@sup1
   643                           
   644                           ;main.c: 182:     inf1 = PORTBbits.RB3;
   645     0036  0C06               	rrf	6,w	;volatile
   646     0037  00F2               	movwf	??_le_entradas_debounce
   647     0038  0CF2               	rrf	??_le_entradas_debounce,f
   648     0039  0C72               	rrf	??_le_entradas_debounce,w
   649     003A  3901               	andlw	1
   650     003B  00B2               	movwf	le_entradas_debounce@inf1
   651                           
   652                           ;main.c: 183:     tempo1 = (PORTB >> 4) & 0x0F;
   653     003C  0806               	movf	6,w	;volatile
   654     003D  00F2               	movwf	??_le_entradas_debounce
   655     003E  3004               	movlw	4
   656     003F                     u345:
   657     003F  1003               	clrc
   658     0040  0CF2               	rrf	??_le_entradas_debounce,f
   659     0041  3EFF               	addlw	-1
   660     0042  1D03               	skipz
   661     0043  283F               	goto	u345
   662     0044  0872               	movf	??_le_entradas_debounce,w
   663     0045  00B3               	movwf	le_entradas_debounce@tempo1
   664     0046  300F               	movlw	15
   665     0047  05B3               	andwf	le_entradas_debounce@tempo1,f
   666     0048                     l959:
   667                           
   668                           ;main.c: 185:     _delay((unsigned long)((20)*(4000000/4000.0)));
   669     0048  301A               	movlw	26
   670     0049  00F3               	movwf	??_le_entradas_debounce+1
   671     004A  30F8               	movlw	248
   672     004B  00F2               	movwf	??_le_entradas_debounce
   673     004C                     u637:
   674     004C  0BF2               	decfsz	??_le_entradas_debounce,f
   675     004D  284C               	goto	u637
   676     004E  0BF3               	decfsz	??_le_entradas_debounce+1,f
   677     004F  284C               	goto	u637
   678     0050  0000               	nop
   679     0051                     l961:
   680                           
   681                           ;main.c: 187:     up2 = PORTAbits.RA0;
   682     0051  1283               	bcf	3,5	;RP0=0, select bank0
   683     0052  1303               	bcf	3,6	;RP1=0, select bank0
   684     0053  0805               	movf	5,w	;volatile
   685     0054  3901               	andlw	1
   686     0055  00B4               	movwf	le_entradas_debounce@up2
   687     0056                     l963:
   688                           
   689                           ;main.c: 188:     dw2 = PORTAbits.RA1;
   690     0056  0C05               	rrf	5,w	;volatile
   691     0057  3901               	andlw	1
   692     0058  00B5               	movwf	le_entradas_debounce@dw2
   693     0059                     l965:
   694                           
   695                           ;main.c: 189:     tela2 = PORTAbits.RA2;
   696     0059  0C05               	rrf	5,w	;volatile
   697     005A  00F2               	movwf	??_le_entradas_debounce
   698     005B  0C72               	rrf	??_le_entradas_debounce,w
   699     005C  3901               	andlw	1
   700     005D  00B6               	movwf	le_entradas_debounce@tela2
   701     005E                     l967:
   702                           
   703                           ;main.c: 190:     sup2 = PORTBbits.RB2;
   704     005E  0C06               	rrf	6,w	;volatile
   705     005F  00F2               	movwf	??_le_entradas_debounce
   706     0060  0C72               	rrf	??_le_entradas_debounce,w
   707     0061  3901               	andlw	1
   708     0062  00B7               	movwf	le_entradas_debounce@sup2
   709     0063                     l969:
   710                           
   711                           ;main.c: 191:     inf2 = PORTBbits.RB3;
   712     0063  0C06               	rrf	6,w	;volatile
   713     0064  00F2               	movwf	??_le_entradas_debounce
   714     0065  0CF2               	rrf	??_le_entradas_debounce,f
   715     0066  0C72               	rrf	??_le_entradas_debounce,w
   716     0067  3901               	andlw	1
   717     0068  00B8               	movwf	le_entradas_debounce@inf2
   718     0069                     l971:
   719                           
   720                           ;main.c: 192:     tempo2 = (PORTB >> 4) & 0x0F;
   721     0069  0806               	movf	6,w	;volatile
   722     006A  00F2               	movwf	??_le_entradas_debounce
   723     006B  3004               	movlw	4
   724     006C                     u355:
   725     006C  1003               	clrc
   726     006D  0CF2               	rrf	??_le_entradas_debounce,f
   727     006E  3EFF               	addlw	-1
   728     006F  1D03               	skipz
   729     0070  286C               	goto	u355
   730     0071  0872               	movf	??_le_entradas_debounce,w
   731     0072  00B9               	movwf	le_entradas_debounce@tempo2
   732     0073                     l973:
   733     0073  300F               	movlw	15
   734     0074  05B9               	andwf	le_entradas_debounce@tempo2,f
   735                           
   736                           ;main.c: 194:     if(up1 == up2) UP_ok = up2;
   737     0075  082E               	movf	le_entradas_debounce@up1,w
   738     0076  0634               	xorwf	le_entradas_debounce@up2,w
   739     0077  1D03               	skipz
   740     0078  287A               	goto	u361
   741     0079  287B               	goto	u360
   742     007A                     u361:
   743     007A  287D               	goto	l94
   744     007B                     u360:
   745     007B                     l975:
   746     007B  0834               	movf	le_entradas_debounce@up2,w
   747     007C  00AD               	movwf	_UP_ok
   748     007D                     l94:
   749                           
   750                           ;main.c: 195:     if(dw1 == dw2) DW_ok = dw2;
   751     007D  082F               	movf	le_entradas_debounce@dw1,w
   752     007E  0635               	xorwf	le_entradas_debounce@dw2,w
   753     007F  1D03               	skipz
   754     0080  2882               	goto	u371
   755     0081  2883               	goto	u370
   756     0082                     u371:
   757     0082  2885               	goto	l95
   758     0083                     u370:
   759     0083                     l977:
   760     0083  0835               	movf	le_entradas_debounce@dw2,w
   761     0084  00AC               	movwf	_DW_ok
   762     0085                     l95:
   763                           
   764                           ;main.c: 196:     if(tela1 == tela2) TELA_ok = tela2;
   765     0085  0830               	movf	le_entradas_debounce@tela1,w
   766     0086  0636               	xorwf	le_entradas_debounce@tela2,w
   767     0087  1D03               	skipz
   768     0088  288A               	goto	u381
   769     0089  288B               	goto	u380
   770     008A                     u381:
   771     008A  288D               	goto	l96
   772     008B                     u380:
   773     008B                     l979:
   774     008B  0836               	movf	le_entradas_debounce@tela2,w
   775     008C  00AB               	movwf	_TELA_ok
   776     008D                     l96:
   777                           
   778                           ;main.c: 197:     if(sup1 == sup2) fim_SUP_ok = sup2;
   779     008D  0831               	movf	le_entradas_debounce@sup1,w
   780     008E  0637               	xorwf	le_entradas_debounce@sup2,w
   781     008F  1D03               	skipz
   782     0090  2892               	goto	u391
   783     0091  2893               	goto	u390
   784     0092                     u391:
   785     0092  2895               	goto	l97
   786     0093                     u390:
   787     0093                     l981:
   788     0093  0837               	movf	le_entradas_debounce@sup2,w
   789     0094  00AA               	movwf	_fim_SUP_ok
   790     0095                     l97:
   791                           
   792                           ;main.c: 198:     if(inf1 == inf2) fim_INF_ok = inf2;
   793     0095  0832               	movf	le_entradas_debounce@inf1,w
   794     0096  0638               	xorwf	le_entradas_debounce@inf2,w
   795     0097  1D03               	skipz
   796     0098  289A               	goto	u401
   797     0099  289B               	goto	u400
   798     009A                     u401:
   799     009A  289D               	goto	l98
   800     009B                     u400:
   801     009B                     l983:
   802     009B  0838               	movf	le_entradas_debounce@inf2,w
   803     009C  00A9               	movwf	_fim_INF_ok
   804     009D                     l98:
   805                           
   806                           ;main.c: 199:     if(tempo1 == tempo2) tempo_bits_ok = tempo2;
   807     009D  0833               	movf	le_entradas_debounce@tempo1,w
   808     009E  0639               	xorwf	le_entradas_debounce@tempo2,w
   809     009F  1D03               	skipz
   810     00A0  28A2               	goto	u411
   811     00A1  28A3               	goto	u410
   812     00A2                     u411:
   813     00A2  28A5               	goto	l100
   814     00A3                     u410:
   815     00A3                     l985:
   816     00A3  0839               	movf	le_entradas_debounce@tempo2,w
   817     00A4  00A8               	movwf	_tempo_bits_ok
   818     00A5                     l100:
   819     00A5  0008               	return
   820     00A6                     __end_of_le_entradas_debounce:
   821                           
   822                           	psect	text3
   823     0188                     __ptext3:	
   824 ;; *************** function _define_timer *****************
   825 ;; Defined at:
   826 ;;		line 206 in file "main.c"
   827 ;; Parameters:    Size  Location     Type
   828 ;;		None
   829 ;; Auto vars:     Size  Location     Type
   830 ;;  bits_tela       1    9[COMMON] unsigned char 
   831 ;;  bits_motor      1    8[COMMON] unsigned char 
   832 ;; Return value:  Size  Location     Type
   833 ;;                  1    wreg      void 
   834 ;; Registers used:
   835 ;;		wreg, fsr0l, fsr0h, status,2, status,0, pclath, cstack
   836 ;; Tracked objects:
   837 ;;		On entry : 0/0
   838 ;;		On exit  : 0/0
   839 ;;		Unchanged: 0/0
   840 ;; Data sizes:     COMMON   BANK0   BANK1   BANK2
   841 ;;      Params:         0       0       0       0
   842 ;;      Locals:         2       0       0       0
   843 ;;      Temps:          1       0       0       0
   844 ;;      Totals:         3       0       0       0
   845 ;;Total ram usage:        3 bytes
   846 ;; Hardware stack levels used: 1
   847 ;; Hardware stack levels required when called: 3
   848 ;; This function calls:
   849 ;;		_tempo_por_bits
   850 ;; This function is called by:
   851 ;;		_main
   852 ;; This function uses a non-reentrant model
   853 ;;
   854                           
   855     0188                     _define_timer:	
   856                           ;psect for function _define_timer
   857                           
   858     0188                     l987:	
   859                           ;incstack = 0
   860                           ; Regs used in _define_timer: [wreg-fsr0h+status,2+status,0+pclath+cstack]
   861                           
   862                           
   863                           ;main.c: 208:     uint8_t bits_motor;;main.c: 209:     uint8_t bits_tela;;main.c: 211:  
      +                             bits_motor = tempo_bits_ok & 0x03;
   864     0188  1283               	bcf	3,5	;RP0=0, select bank0
   865     0189  1303               	bcf	3,6	;RP1=0, select bank0
   866     018A  0828               	movf	_tempo_bits_ok,w
   867     018B  00F8               	movwf	define_timer@bits_motor
   868     018C                     l989:
   869     018C  3003               	movlw	3
   870     018D  05F8               	andwf	define_timer@bits_motor,f
   871     018E                     l991:
   872                           
   873                           ;main.c: 212:     bits_tela = (tempo_bits_ok >> 2) & 0x03;
   874     018E  0828               	movf	_tempo_bits_ok,w
   875     018F  00F7               	movwf	??_define_timer
   876     0190  3002               	movlw	2
   877     0191                     u425:
   878     0191  1003               	clrc
   879     0192  0CF7               	rrf	??_define_timer,f
   880     0193  3EFF               	addlw	-1
   881     0194  1D03               	skipz
   882     0195  2991               	goto	u425
   883     0196  0877               	movf	??_define_timer,w
   884     0197  00F9               	movwf	define_timer@bits_tela
   885     0198                     l993:
   886     0198  3003               	movlw	3
   887     0199  05F9               	andwf	define_timer@bits_tela,f
   888     019A                     l995:
   889                           
   890                           ;main.c: 214:     tempo_motor = tempo_por_bits(bits_motor);
   891     019A  0878               	movf	define_timer@bits_motor,w
   892     019B  2153               	fcall	_tempo_por_bits
   893     019C  0875               	movf	?_tempo_por_bits+3,w
   894     019D  1283               	bcf	3,5	;RP0=0, select bank0
   895     019E  1303               	bcf	3,6	;RP1=0, select bank0
   896     019F  00C1               	movwf	_tempo_motor+3
   897     01A0  0874               	movf	?_tempo_por_bits+2,w
   898     01A1  00C0               	movwf	_tempo_motor+2
   899     01A2  0873               	movf	?_tempo_por_bits+1,w
   900     01A3  00BF               	movwf	_tempo_motor+1
   901     01A4  0872               	movf	?_tempo_por_bits,w
   902     01A5  00BE               	movwf	_tempo_motor
   903     01A6                     l997:
   904                           
   905                           ;main.c: 215:     tempo_tela = tempo_por_bits(bits_tela);
   906     01A6  0879               	movf	define_timer@bits_tela,w
   907     01A7  2153               	fcall	_tempo_por_bits
   908     01A8  0875               	movf	?_tempo_por_bits+3,w
   909     01A9  1283               	bcf	3,5	;RP0=0, select bank0
   910     01AA  1303               	bcf	3,6	;RP1=0, select bank0
   911     01AB  00BD               	movwf	_tempo_tela+3
   912     01AC  0874               	movf	?_tempo_por_bits+2,w
   913     01AD  00BC               	movwf	_tempo_tela+2
   914     01AE  0873               	movf	?_tempo_por_bits+1,w
   915     01AF  00BB               	movwf	_tempo_tela+1
   916     01B0  0872               	movf	?_tempo_por_bits,w
   917     01B1  00BA               	movwf	_tempo_tela
   918     01B2                     l103:
   919     01B2  0008               	return
   920     01B3                     __end_of_define_timer:
   921                           
   922                           	psect	text4
   923     0153                     __ptext4:	
   924 ;; *************** function _tempo_por_bits *****************
   925 ;; Defined at:
   926 ;;		line 218 in file "main.c"
   927 ;; Parameters:    Size  Location     Type
   928 ;;  valor           1    wreg     unsigned char 
   929 ;; Auto vars:     Size  Location     Type
   930 ;;  valor           1    6[COMMON] unsigned char 
   931 ;; Return value:  Size  Location     Type
   932 ;;                  4    2[COMMON] unsigned long 
   933 ;; Registers used:
   934 ;;		wreg, fsr0l, fsr0h, status,2, status,0
   935 ;; Tracked objects:
   936 ;;		On entry : 0/0
   937 ;;		On exit  : 0/0
   938 ;;		Unchanged: 0/0
   939 ;; Data sizes:     COMMON   BANK0   BANK1   BANK2
   940 ;;      Params:         4       0       0       0
   941 ;;      Locals:         1       0       0       0
   942 ;;      Temps:          0       0       0       0
   943 ;;      Totals:         5       0       0       0
   944 ;;Total ram usage:        5 bytes
   945 ;; Hardware stack levels used: 1
   946 ;; Hardware stack levels required when called: 2
   947 ;; This function calls:
   948 ;;		Nothing
   949 ;; This function is called by:
   950 ;;		_define_timer
   951 ;; This function uses a non-reentrant model
   952 ;;
   953                           
   954     0153                     _tempo_por_bits:	
   955                           ;psect for function _tempo_por_bits
   956                           
   957                           
   958                           ;incstack = 0
   959                           ; Regs used in _tempo_por_bits: [wreg-fsr0h+status,2+status,0]
   960                           ;tempo_por_bits@valor stored from wreg
   961     0153  00F6               	movwf	tempo_por_bits@valor
   962     0154                     l905:
   963                           
   964                           ;main.c: 218: uint32_t tempo_por_bits(uint8_t valor);main.c: 219: {;main.c: 220:     swi
      +                          tch(valor)
   965     0154  2979               	goto	l929
   966     0155                     l907:
   967     0155  3000               	movlw	0
   968     0156  00F5               	movwf	?_tempo_por_bits+3
   969     0157  3000               	movlw	0
   970     0158  00F4               	movwf	?_tempo_por_bits+2
   971     0159  3075               	movlw	117
   972     015A  00F3               	movwf	?_tempo_por_bits+1
   973     015B  3030               	movlw	48
   974     015C  00F2               	movwf	?_tempo_por_bits
   975     015D  2987               	goto	l108
   976     015E                     l911:
   977     015E  3000               	movlw	0
   978     015F  00F5               	movwf	?_tempo_por_bits+3
   979     0160  3000               	movlw	0
   980     0161  00F4               	movwf	?_tempo_por_bits+2
   981     0162  30EA               	movlw	234
   982     0163  00F3               	movwf	?_tempo_por_bits+1
   983     0164  3060               	movlw	96
   984     0165  00F2               	movwf	?_tempo_por_bits
   985     0166  2987               	goto	l108
   986     0167                     l915:
   987     0167  3000               	movlw	0
   988     0168  00F5               	movwf	?_tempo_por_bits+3
   989     0169  3001               	movlw	1
   990     016A  00F4               	movwf	?_tempo_por_bits+2
   991     016B  305F               	movlw	95
   992     016C  00F3               	movwf	?_tempo_por_bits+1
   993     016D  3090               	movlw	144
   994     016E  00F2               	movwf	?_tempo_por_bits
   995     016F  2987               	goto	l108
   996     0170                     l919:
   997     0170  3000               	movlw	0
   998     0171  00F5               	movwf	?_tempo_por_bits+3
   999     0172  3001               	movlw	1
  1000     0173  00F4               	movwf	?_tempo_por_bits+2
  1001     0174  30D4               	movlw	212
  1002     0175  00F3               	movwf	?_tempo_por_bits+1
  1003     0176  30C0               	movlw	192
  1004     0177  00F2               	movwf	?_tempo_por_bits
  1005     0178  2987               	goto	l108
  1006     0179                     l929:
  1007     0179  0876               	movf	tempo_por_bits@valor,w
  1008                           
  1009                           ; Switch size 1, requested type "simple"
  1010                           ; Number of cases is 4, Range of values is 0 to 3
  1011                           ; switch strategies available:
  1012                           ; Name         Instructions Cycles
  1013                           ; direct_byte           10     6 (fixed)
  1014                           ; simple_byte           13     7 (average)
  1015                           ; jumptable            260     6 (fixed)
  1016                           ;	Chosen strategy is simple_byte
  1017     017A  3A00               	xorlw	0	; case 0
  1018     017B  1903               	skipnz
  1019     017C  2955               	goto	l907
  1020     017D  3A01               	xorlw	1	; case 1
  1021     017E  1903               	skipnz
  1022     017F  295E               	goto	l911
  1023     0180  3A03               	xorlw	3	; case 2
  1024     0181  1903               	skipnz
  1025     0182  2967               	goto	l915
  1026     0183  3A01               	xorlw	1	; case 3
  1027     0184  1903               	skipnz
  1028     0185  2970               	goto	l919
  1029     0186  2955               	goto	l907
  1030     0187                     l108:
  1031     0187  0008               	return
  1032     0188                     __end_of_tempo_por_bits:
  1033                           
  1034                           	psect	text5
  1035     01B3                     __ptext5:	
  1036 ;; *************** function _atualizar_tela *****************
  1037 ;; Defined at:
  1038 ;;		line 336 in file "main.c"
  1039 ;; Parameters:    Size  Location     Type
  1040 ;;		None
  1041 ;; Auto vars:     Size  Location     Type
  1042 ;;		None
  1043 ;; Return value:  Size  Location     Type
  1044 ;;                  1    wreg      void 
  1045 ;; Registers used:
  1046 ;;		wreg, status,2, status,0
  1047 ;; Tracked objects:
  1048 ;;		On entry : 0/0
  1049 ;;		On exit  : 0/0
  1050 ;;		Unchanged: 0/0
  1051 ;; Data sizes:     COMMON   BANK0   BANK1   BANK2
  1052 ;;      Params:         0       0       0       0
  1053 ;;      Locals:         0       0       0       0
  1054 ;;      Temps:          0       0       0       0
  1055 ;;      Totals:         0       0       0       0
  1056 ;;Total ram usage:        0 bytes
  1057 ;; Hardware stack levels used: 1
  1058 ;; Hardware stack levels required when called: 2
  1059 ;; This function calls:
  1060 ;;		Nothing
  1061 ;; This function is called by:
  1062 ;;		_main
  1063 ;; This function uses a non-reentrant model
  1064 ;;
  1065                           
  1066     01B3                     _atualizar_tela:	
  1067                           ;psect for function _atualizar_tela
  1068                           
  1069     01B3                     l1045:	
  1070                           ;incstack = 0
  1071                           ; Regs used in _atualizar_tela: [wreg+status,2+status,0]
  1072                           
  1073                           
  1074                           ;main.c: 338:     if(TELA_ok && !tela_ativa)
  1075     01B3  1283               	bcf	3,5	;RP0=0, select bank0
  1076     01B4  1303               	bcf	3,6	;RP1=0, select bank0
  1077     01B5  082B               	movf	_TELA_ok,w
  1078     01B6  1903               	btfsc	3,2
  1079     01B7  29B9               	goto	u551
  1080     01B8  29BA               	goto	u550
  1081     01B9                     u551:
  1082     01B9  29CA               	goto	l1055
  1083     01BA                     u550:
  1084     01BA                     l1047:
  1085     01BA  087A               	movf	_tela_ativa,w	;volatile
  1086     01BB  1D03               	btfss	3,2
  1087     01BC  29BE               	goto	u561
  1088     01BD  29BF               	goto	u560
  1089     01BE                     u561:
  1090     01BE  29CA               	goto	l1055
  1091     01BF                     u560:
  1092     01BF                     l1049:
  1093                           
  1094                           ;main.c: 339:     {;main.c: 340:         contador_tela = 0;
  1095     01BF  3000               	movlw	0
  1096     01C0  00A3               	movwf	_contador_tela+3	;volatile
  1097     01C1  3000               	movlw	0
  1098     01C2  00A2               	movwf	_contador_tela+2	;volatile
  1099     01C3  3000               	movlw	0
  1100     01C4  00A1               	movwf	_contador_tela+1	;volatile
  1101     01C5  3000               	movlw	0
  1102     01C6  00A0               	movwf	_contador_tela	;volatile
  1103     01C7                     l1051:
  1104                           
  1105                           ;main.c: 341:         tela_ativa = 1;
  1106     01C7  3001               	movlw	1
  1107     01C8  00FA               	movwf	_tela_ativa	;volatile
  1108     01C9                     l1053:
  1109                           
  1110                           ;main.c: 342:         PORTBbits.RB0 = 1;
  1111     01C9  1406               	bsf	6,0	;volatile
  1112     01CA                     l1055:
  1113                           
  1114                           ;main.c: 345:     if(tela_ativa)
  1115     01CA  087A               	movf	_tela_ativa,w	;volatile
  1116     01CB  1903               	btfsc	3,2
  1117     01CC  29CE               	goto	u571
  1118     01CD  29CF               	goto	u570
  1119     01CE                     u571:
  1120     01CE  29D1               	goto	l146
  1121     01CF                     u570:
  1122     01CF                     l1057:
  1123                           
  1124                           ;main.c: 346:     {;main.c: 347:         PORTBbits.RB0 = 1;
  1125     01CF  1406               	bsf	6,0	;volatile
  1126                           
  1127                           ;main.c: 348:     }
  1128     01D0  29D2               	goto	l148
  1129     01D1                     l146:	
  1130                           ;main.c: 349:     else
  1131                           
  1132                           
  1133                           ;main.c: 350:     {;main.c: 351:         PORTBbits.RB0 = 0;
  1134     01D1  1006               	bcf	6,0	;volatile
  1135     01D2                     l148:
  1136     01D2  0008               	return
  1137     01D3                     __end_of_atualizar_tela:
  1138                           
  1139                           	psect	text6
  1140     0104                     __ptext6:	
  1141 ;; *************** function _atualizar_motor *****************
  1142 ;; Defined at:
  1143 ;;		line 234 in file "main.c"
  1144 ;; Parameters:    Size  Location     Type
  1145 ;;		None
  1146 ;; Auto vars:     Size  Location     Type
  1147 ;;		None
  1148 ;; Return value:  Size  Location     Type
  1149 ;;                  1    wreg      void 
  1150 ;; Registers used:
  1151 ;;		wreg, status,2, status,0, pclath, cstack
  1152 ;; Tracked objects:
  1153 ;;		On entry : 0/0
  1154 ;;		On exit  : 0/0
  1155 ;;		Unchanged: 0/0
  1156 ;; Data sizes:     COMMON   BANK0   BANK1   BANK2
  1157 ;;      Params:         0       0       0       0
  1158 ;;      Locals:         0       0       0       0
  1159 ;;      Temps:          0       0       0       0
  1160 ;;      Totals:         0       0       0       0
  1161 ;;Total ram usage:        0 bytes
  1162 ;; Hardware stack levels used: 1
  1163 ;; Hardware stack levels required when called: 3
  1164 ;; This function calls:
  1165 ;;		_iniciar_descida
  1166 ;;		_iniciar_subida
  1167 ;;		_parar_motor
  1168 ;; This function is called by:
  1169 ;;		_main
  1170 ;; This function uses a non-reentrant model
  1171 ;;
  1172                           
  1173     0104                     _atualizar_motor:	
  1174                           ;psect for function _atualizar_motor
  1175                           
  1176     0104                     l999:	
  1177                           ;incstack = 0
  1178                           ; Regs used in _atualizar_motor: [wreg+status,2+status,0+pclath+cstack]
  1179                           
  1180                           
  1181                           ;main.c: 236:     if(UP_ok && DW_ok)
  1182     0104  1283               	bcf	3,5	;RP0=0, select bank0
  1183     0105  1303               	bcf	3,6	;RP1=0, select bank0
  1184     0106  082D               	movf	_UP_ok,w
  1185     0107  1903               	btfsc	3,2
  1186     0108  290A               	goto	u431
  1187     0109  290B               	goto	u430
  1188     010A                     u431:
  1189     010A  2912               	goto	l1007
  1190     010B                     u430:
  1191     010B                     l1001:
  1192     010B  082C               	movf	_DW_ok,w
  1193     010C  1903               	btfsc	3,2
  1194     010D  290F               	goto	u441
  1195     010E  2910               	goto	u440
  1196     010F                     u441:
  1197     010F  2912               	goto	l1007
  1198     0110                     u440:
  1199     0110                     l1003:
  1200                           
  1201                           ;main.c: 237:     {;main.c: 238:         parar_motor();
  1202     0110  2219               	fcall	_parar_motor
  1203     0111  2952               	goto	l117
  1204     0112                     l1007:
  1205                           
  1206                           ;main.c: 242:     if(UP_ok && !DW_ok)
  1207     0112  082D               	movf	_UP_ok,w
  1208     0113  1903               	btfsc	3,2
  1209     0114  2916               	goto	u451
  1210     0115  2917               	goto	u450
  1211     0116                     u451:
  1212     0116  2924               	goto	l1019
  1213     0117                     u450:
  1214     0117                     l1009:
  1215     0117  082C               	movf	_DW_ok,w
  1216     0118  1D03               	btfss	3,2
  1217     0119  291B               	goto	u461
  1218     011A  291C               	goto	u460
  1219     011B                     u461:
  1220     011B  2924               	goto	l1019
  1221     011C                     u460:
  1222     011C                     l1011:
  1223                           
  1224                           ;main.c: 243:     {;main.c: 244:         if(fim_SUP_ok)
  1225     011C  082A               	movf	_fim_SUP_ok,w
  1226     011D  1903               	btfsc	3,2
  1227     011E  2920               	goto	u471
  1228     011F  2921               	goto	u470
  1229     0120                     u471:
  1230     0120  2922               	goto	l1015
  1231     0121                     u470:
  1232     0121  2910               	goto	l1003
  1233     0122                     l1015:
  1234                           
  1235                           ;main.c: 249:         {;main.c: 250:             iniciar_subida();
  1236     0122  2203               	fcall	_iniciar_subida
  1237     0123  2952               	goto	l117
  1238     0124                     l1019:
  1239                           
  1240                           ;main.c: 256:     if(DW_ok && !UP_ok)
  1241     0124  082C               	movf	_DW_ok,w
  1242     0125  1903               	btfsc	3,2
  1243     0126  2928               	goto	u481
  1244     0127  2929               	goto	u480
  1245     0128                     u481:
  1246     0128  2936               	goto	l1031
  1247     0129                     u480:
  1248     0129                     l1021:
  1249     0129  082D               	movf	_UP_ok,w
  1250     012A  1D03               	btfss	3,2
  1251     012B  292D               	goto	u491
  1252     012C  292E               	goto	u490
  1253     012D                     u491:
  1254     012D  2936               	goto	l1031
  1255     012E                     u490:
  1256     012E                     l1023:
  1257                           
  1258                           ;main.c: 257:     {;main.c: 258:         if(fim_INF_ok)
  1259     012E  0829               	movf	_fim_INF_ok,w
  1260     012F  1903               	btfsc	3,2
  1261     0130  2932               	goto	u501
  1262     0131  2933               	goto	u500
  1263     0132                     u501:
  1264     0132  2934               	goto	l1027
  1265     0133                     u500:
  1266     0133  2910               	goto	l1003
  1267     0134                     l1027:
  1268                           
  1269                           ;main.c: 263:         {;main.c: 264:             iniciar_descida();
  1270     0134  21EC               	fcall	_iniciar_descida
  1271     0135  2952               	goto	l117
  1272     0136                     l1031:
  1273                           
  1274                           ;main.c: 270:     if(estado_motor == MOT_SUBINDO)
  1275     0136  037B               	decf	_estado_motor,w	;volatile
  1276     0137  1D03               	btfss	3,2
  1277     0138  293A               	goto	u511
  1278     0139  293B               	goto	u510
  1279     013A                     u511:
  1280     013A  2944               	goto	l1037
  1281     013B                     u510:
  1282     013B                     l1033:
  1283                           
  1284                           ;main.c: 271:     {;main.c: 272:         if(fim_SUP_ok)
  1285     013B  082A               	movf	_fim_SUP_ok,w
  1286     013C  1903               	btfsc	3,2
  1287     013D  293F               	goto	u521
  1288     013E  2940               	goto	u520
  1289     013F                     u521:
  1290     013F  2941               	goto	l125
  1291     0140                     u520:
  1292     0140  2910               	goto	l1003
  1293     0141                     l125:	
  1294                           ;main.c: 276:         else
  1295                           
  1296                           
  1297                           ;main.c: 277:         {;main.c: 278:             PORTAbits.RA3 = 1;
  1298     0141  1585               	bsf	5,3	;volatile
  1299                           
  1300                           ;main.c: 279:             PORTBbits.RB1 = 0;
  1301     0142  1086               	bcf	6,1	;volatile
  1302     0143  2952               	goto	l117
  1303     0144                     l1037:
  1304     0144  3002               	movlw	2
  1305     0145  067B               	xorwf	_estado_motor,w	;volatile
  1306     0146  1D03               	btfss	3,2
  1307     0147  2949               	goto	u531
  1308     0148  294A               	goto	u530
  1309     0149                     u531:
  1310     0149  2910               	goto	l1003
  1311     014A                     u530:
  1312     014A                     l1039:
  1313                           
  1314                           ;main.c: 283:     {;main.c: 284:         if(fim_INF_ok)
  1315     014A  0829               	movf	_fim_INF_ok,w
  1316     014B  1903               	btfsc	3,2
  1317     014C  294E               	goto	u541
  1318     014D  294F               	goto	u540
  1319     014E                     u541:
  1320     014E  2950               	goto	l129
  1321     014F                     u540:
  1322     014F  2910               	goto	l1003
  1323     0150                     l129:	
  1324                           ;main.c: 288:         else
  1325                           
  1326                           
  1327                           ;main.c: 289:         {;main.c: 290:             PORTAbits.RA3 = 0;
  1328     0150  1185               	bcf	5,3	;volatile
  1329                           
  1330                           ;main.c: 291:             PORTBbits.RB1 = 1;
  1331     0151  1486               	bsf	6,1	;volatile
  1332     0152                     l117:
  1333     0152  0008               	return
  1334     0153                     __end_of_atualizar_motor:
  1335                           
  1336                           	psect	text7
  1337     0219                     __ptext7:	
  1338 ;; *************** function _parar_motor *****************
  1339 ;; Defined at:
  1340 ;;		line 324 in file "main.c"
  1341 ;; Parameters:    Size  Location     Type
  1342 ;;		None
  1343 ;; Auto vars:     Size  Location     Type
  1344 ;;		None
  1345 ;; Return value:  Size  Location     Type
  1346 ;;                  1    wreg      void 
  1347 ;; Registers used:
  1348 ;;		wreg, status,2
  1349 ;; Tracked objects:
  1350 ;;		On entry : 0/0
  1351 ;;		On exit  : 0/0
  1352 ;;		Unchanged: 0/0
  1353 ;; Data sizes:     COMMON   BANK0   BANK1   BANK2
  1354 ;;      Params:         0       0       0       0
  1355 ;;      Locals:         0       0       0       0
  1356 ;;      Temps:          0       0       0       0
  1357 ;;      Totals:         0       0       0       0
  1358 ;;Total ram usage:        0 bytes
  1359 ;; Hardware stack levels used: 1
  1360 ;; Hardware stack levels required when called: 2
  1361 ;; This function calls:
  1362 ;;		Nothing
  1363 ;; This function is called by:
  1364 ;;		_atualizar_motor
  1365 ;; This function uses a non-reentrant model
  1366 ;;
  1367                           
  1368     0219                     _parar_motor:	
  1369                           ;psect for function _parar_motor
  1370                           
  1371     0219                     l899:	
  1372                           ;incstack = 0
  1373                           ; Regs used in _parar_motor: [wreg+status,2]
  1374                           
  1375                           
  1376                           ;main.c: 326:     PORTAbits.RA3 = 0;
  1377     0219  1283               	bcf	3,5	;RP0=0, select bank0
  1378     021A  1303               	bcf	3,6	;RP1=0, select bank0
  1379     021B  1185               	bcf	5,3	;volatile
  1380                           
  1381                           ;main.c: 327:     PORTBbits.RB1 = 0;
  1382     021C  1086               	bcf	6,1	;volatile
  1383     021D                     l901:
  1384                           
  1385                           ;main.c: 328:     contador_motor = 0;
  1386     021D  3000               	movlw	0
  1387     021E  00A7               	movwf	_contador_motor+3	;volatile
  1388     021F  3000               	movlw	0
  1389     0220  00A6               	movwf	_contador_motor+2	;volatile
  1390     0221  3000               	movlw	0
  1391     0222  00A5               	movwf	_contador_motor+1	;volatile
  1392     0223  3000               	movlw	0
  1393     0224  00A4               	movwf	_contador_motor	;volatile
  1394     0225                     l903:
  1395                           
  1396                           ;main.c: 329:     estado_motor = MOT_PARADO;
  1397     0225  01FB               	clrf	_estado_motor	;volatile
  1398     0226                     l142:
  1399     0226  0008               	return
  1400     0227                     __end_of_parar_motor:
  1401                           
  1402                           	psect	text8
  1403     0203                     __ptext8:	
  1404 ;; *************** function _iniciar_subida *****************
  1405 ;; Defined at:
  1406 ;;		line 300 in file "main.c"
  1407 ;; Parameters:    Size  Location     Type
  1408 ;;		None
  1409 ;; Auto vars:     Size  Location     Type
  1410 ;;		None
  1411 ;; Return value:  Size  Location     Type
  1412 ;;                  1    wreg      void 
  1413 ;; Registers used:
  1414 ;;		wreg, status,2, status,0
  1415 ;; Tracked objects:
  1416 ;;		On entry : 0/0
  1417 ;;		On exit  : 0/0
  1418 ;;		Unchanged: 0/0
  1419 ;; Data sizes:     COMMON   BANK0   BANK1   BANK2
  1420 ;;      Params:         0       0       0       0
  1421 ;;      Locals:         0       0       0       0
  1422 ;;      Temps:          0       0       0       0
  1423 ;;      Totals:         0       0       0       0
  1424 ;;Total ram usage:        0 bytes
  1425 ;; Hardware stack levels used: 1
  1426 ;; Hardware stack levels required when called: 2
  1427 ;; This function calls:
  1428 ;;		Nothing
  1429 ;; This function is called by:
  1430 ;;		_atualizar_motor
  1431 ;; This function uses a non-reentrant model
  1432 ;;
  1433                           
  1434     0203                     _iniciar_subida:	
  1435                           ;psect for function _iniciar_subida
  1436                           
  1437     0203                     l931:	
  1438                           ;incstack = 0
  1439                           ; Regs used in _iniciar_subida: [wreg+status,2+status,0]
  1440                           
  1441                           
  1442                           ;main.c: 302:     if(estado_motor != MOT_SUBINDO)
  1443     0203  037B               	decf	_estado_motor,w	;volatile
  1444     0204  1903               	btfsc	3,2
  1445     0205  2A07               	goto	u321
  1446     0206  2A08               	goto	u320
  1447     0207                     u321:
  1448     0207  2A14               	goto	l937
  1449     0208                     u320:
  1450     0208                     l933:
  1451                           
  1452                           ;main.c: 303:     {;main.c: 304:         contador_motor = 0;
  1453     0208  3000               	movlw	0
  1454     0209  1283               	bcf	3,5	;RP0=0, select bank0
  1455     020A  1303               	bcf	3,6	;RP1=0, select bank0
  1456     020B  00A7               	movwf	_contador_motor+3	;volatile
  1457     020C  3000               	movlw	0
  1458     020D  00A6               	movwf	_contador_motor+2	;volatile
  1459     020E  3000               	movlw	0
  1460     020F  00A5               	movwf	_contador_motor+1	;volatile
  1461     0210  3000               	movlw	0
  1462     0211  00A4               	movwf	_contador_motor	;volatile
  1463     0212                     l935:
  1464                           
  1465                           ;main.c: 305:         estado_motor = MOT_SUBINDO;
  1466     0212  3001               	movlw	1
  1467     0213  00FB               	movwf	_estado_motor	;volatile
  1468     0214                     l937:
  1469                           
  1470                           ;main.c: 308:     PORTAbits.RA3 = 1;
  1471     0214  1283               	bcf	3,5	;RP0=0, select bank0
  1472     0215  1303               	bcf	3,6	;RP1=0, select bank0
  1473     0216  1585               	bsf	5,3	;volatile
  1474     0217                     l939:
  1475                           
  1476                           ;main.c: 309:     PORTBbits.RB1 = 0;
  1477     0217  1086               	bcf	6,1	;volatile
  1478     0218                     l135:
  1479     0218  0008               	return
  1480     0219                     __end_of_iniciar_subida:
  1481                           
  1482                           	psect	text9
  1483     01EC                     __ptext9:	
  1484 ;; *************** function _iniciar_descida *****************
  1485 ;; Defined at:
  1486 ;;		line 312 in file "main.c"
  1487 ;; Parameters:    Size  Location     Type
  1488 ;;		None
  1489 ;; Auto vars:     Size  Location     Type
  1490 ;;		None
  1491 ;; Return value:  Size  Location     Type
  1492 ;;                  1    wreg      void 
  1493 ;; Registers used:
  1494 ;;		wreg, status,2, status,0
  1495 ;; Tracked objects:
  1496 ;;		On entry : 0/0
  1497 ;;		On exit  : 0/0
  1498 ;;		Unchanged: 0/0
  1499 ;; Data sizes:     COMMON   BANK0   BANK1   BANK2
  1500 ;;      Params:         0       0       0       0
  1501 ;;      Locals:         0       0       0       0
  1502 ;;      Temps:          0       0       0       0
  1503 ;;      Totals:         0       0       0       0
  1504 ;;Total ram usage:        0 bytes
  1505 ;; Hardware stack levels used: 1
  1506 ;; Hardware stack levels required when called: 2
  1507 ;; This function calls:
  1508 ;;		Nothing
  1509 ;; This function is called by:
  1510 ;;		_atualizar_motor
  1511 ;; This function uses a non-reentrant model
  1512 ;;
  1513                           
  1514     01EC                     _iniciar_descida:	
  1515                           ;psect for function _iniciar_descida
  1516                           
  1517     01EC                     l941:	
  1518                           ;incstack = 0
  1519                           ; Regs used in _iniciar_descida: [wreg+status,2+status,0]
  1520                           
  1521                           
  1522                           ;main.c: 314:     if(estado_motor != MOT_DESCENDO)
  1523     01EC  3002               	movlw	2
  1524     01ED  067B               	xorwf	_estado_motor,w	;volatile
  1525     01EE  1903               	btfsc	3,2
  1526     01EF  29F1               	goto	u331
  1527     01F0  29F2               	goto	u330
  1528     01F1                     u331:
  1529     01F1  29FE               	goto	l947
  1530     01F2                     u330:
  1531     01F2                     l943:
  1532                           
  1533                           ;main.c: 315:     {;main.c: 316:         contador_motor = 0;
  1534     01F2  3000               	movlw	0
  1535     01F3  1283               	bcf	3,5	;RP0=0, select bank0
  1536     01F4  1303               	bcf	3,6	;RP1=0, select bank0
  1537     01F5  00A7               	movwf	_contador_motor+3	;volatile
  1538     01F6  3000               	movlw	0
  1539     01F7  00A6               	movwf	_contador_motor+2	;volatile
  1540     01F8  3000               	movlw	0
  1541     01F9  00A5               	movwf	_contador_motor+1	;volatile
  1542     01FA  3000               	movlw	0
  1543     01FB  00A4               	movwf	_contador_motor	;volatile
  1544     01FC                     l945:
  1545                           
  1546                           ;main.c: 317:         estado_motor = MOT_DESCENDO;
  1547     01FC  3002               	movlw	2
  1548     01FD  00FB               	movwf	_estado_motor	;volatile
  1549     01FE                     l947:
  1550                           
  1551                           ;main.c: 320:     PORTAbits.RA3 = 0;
  1552     01FE  1283               	bcf	3,5	;RP0=0, select bank0
  1553     01FF  1303               	bcf	3,6	;RP1=0, select bank0
  1554     0200  1185               	bcf	5,3	;volatile
  1555     0201                     l949:
  1556                           
  1557                           ;main.c: 321:     PORTBbits.RB1 = 1;
  1558     0201  1486               	bsf	6,1	;volatile
  1559     0202                     l139:
  1560     0202  0008               	return
  1561     0203                     __end_of_iniciar_descida:
  1562                           
  1563                           	psect	text10
  1564     00A6                     __ptext10:	
  1565 ;; *************** function _isr *****************
  1566 ;; Defined at:
  1567 ;;		line 91 in file "main.c"
  1568 ;; Parameters:    Size  Location     Type
  1569 ;;		None
  1570 ;; Auto vars:     Size  Location     Type
  1571 ;;		None
  1572 ;; Return value:  Size  Location     Type
  1573 ;;                  1    wreg      void 
  1574 ;; Registers used:
  1575 ;;		wreg, status,2, status,0, pclath, cstack
  1576 ;; Tracked objects:
  1577 ;;		On entry : 0/0
  1578 ;;		On exit  : 0/0
  1579 ;;		Unchanged: 0/0
  1580 ;; Data sizes:     COMMON   BANK0   BANK1   BANK2
  1581 ;;      Params:         0       0       0       0
  1582 ;;      Locals:         0       0       0       0
  1583 ;;      Temps:          2       0       0       0
  1584 ;;      Totals:         2       0       0       0
  1585 ;;Total ram usage:        2 bytes
  1586 ;; Hardware stack levels used: 1
  1587 ;; Hardware stack levels required when called: 1
  1588 ;; This function calls:
  1589 ;;		_parar_tela
  1590 ;;		i1_parar_motor
  1591 ;; This function is called by:
  1592 ;;		Interrupt level 1
  1593 ;; This function uses a non-reentrant model
  1594 ;;
  1595                           
  1596     00A6                     _isr:	
  1597                           ;psect for function _isr
  1598                           
  1599     00A6                     i1l1065:
  1600                           
  1601                           ;main.c: 93:     if(T0IF)
  1602     00A6  1D0B               	btfss	11,2	;volatile
  1603     00A7  28A9               	goto	u58_21
  1604     00A8  28AA               	goto	u58_20
  1605     00A9                     u58_21:
  1606     00A9  28FD               	goto	i1l80
  1607     00AA                     u58_20:
  1608     00AA                     i1l1067:
  1609                           
  1610                           ;main.c: 94:     {;main.c: 95:         T0IF = 0;
  1611     00AA  110B               	bcf	11,2	;volatile
  1612                           
  1613                           ;main.c: 96:         TMR0 = 6;
  1614     00AB  3006               	movlw	6
  1615     00AC  1283               	bcf	3,5	;RP0=0, select bank0
  1616     00AD  1303               	bcf	3,6	;RP1=0, select bank0
  1617     00AE  0081               	movwf	1	;volatile
  1618     00AF                     i1l1069:
  1619                           
  1620                           ;main.c: 98:         if(estado_motor != MOT_PARADO)
  1621     00AF  087B               	movf	_estado_motor,w	;volatile
  1622     00B0  1903               	btfsc	3,2
  1623     00B1  28B3               	goto	u59_21
  1624     00B2  28B4               	goto	u59_20
  1625     00B3                     u59_21:
  1626     00B3  28D5               	goto	i1l1075
  1627     00B4                     u59_20:
  1628     00B4                     i1l1071:
  1629                           
  1630                           ;main.c: 99:         {;main.c: 100:             contador_motor++;
  1631     00B4  3001               	movlw	1
  1632     00B5  07A4               	addwf	_contador_motor,f	;volatile
  1633     00B6  3000               	movlw	0
  1634     00B7  1803               	skipnc
  1635     00B8  3001               	movlw	1
  1636     00B9  07A5               	addwf	_contador_motor+1,f	;volatile
  1637     00BA  3000               	movlw	0
  1638     00BB  1803               	skipnc
  1639     00BC  3001               	movlw	1
  1640     00BD  07A6               	addwf	_contador_motor+2,f	;volatile
  1641     00BE  3000               	movlw	0
  1642     00BF  1803               	skipnc
  1643     00C0  3001               	movlw	1
  1644     00C1  07A7               	addwf	_contador_motor+3,f	;volatile
  1645                           
  1646                           ;main.c: 102:             if(contador_motor >= tempo_motor)
  1647     00C2  0841               	movf	_tempo_motor+3,w
  1648     00C3  0227               	subwf	_contador_motor+3,w	;volatile
  1649     00C4  1D03               	skipz
  1650     00C5  28D0               	goto	u60_25
  1651     00C6  0840               	movf	_tempo_motor+2,w
  1652     00C7  0226               	subwf	_contador_motor+2,w	;volatile
  1653     00C8  1D03               	skipz
  1654     00C9  28D0               	goto	u60_25
  1655     00CA  083F               	movf	_tempo_motor+1,w
  1656     00CB  0225               	subwf	_contador_motor+1,w	;volatile
  1657     00CC  1D03               	skipz
  1658     00CD  28D0               	goto	u60_25
  1659     00CE  083E               	movf	_tempo_motor,w
  1660     00CF  0224               	subwf	_contador_motor,w	;volatile
  1661     00D0                     u60_25:
  1662     00D0  1C03               	skipc
  1663     00D1  28D3               	goto	u60_21
  1664     00D2  28D4               	goto	u60_20
  1665     00D3                     u60_21:
  1666     00D3  28D5               	goto	i1l1075
  1667     00D4                     u60_20:
  1668     00D4                     i1l1073:
  1669                           
  1670                           ;main.c: 103:             {;main.c: 104:                 parar_motor();
  1671     00D4  2227               	fcall	i1_parar_motor
  1672     00D5                     i1l1075:
  1673                           
  1674                           ;main.c: 108:         if(tela_ativa)
  1675     00D5  087A               	movf	_tela_ativa,w	;volatile
  1676     00D6  1903               	btfsc	3,2
  1677     00D7  28D9               	goto	u61_21
  1678     00D8  28DA               	goto	u61_20
  1679     00D9                     u61_21:
  1680     00D9  28FD               	goto	i1l80
  1681     00DA                     u61_20:
  1682     00DA                     i1l1077:
  1683                           
  1684                           ;main.c: 109:         {;main.c: 110:             contador_tela++;
  1685     00DA  3001               	movlw	1
  1686     00DB  1283               	bcf	3,5	;RP0=0, select bank0
  1687     00DC  1303               	bcf	3,6	;RP1=0, select bank0
  1688     00DD  07A0               	addwf	_contador_tela,f	;volatile
  1689     00DE  3000               	movlw	0
  1690     00DF  1803               	skipnc
  1691     00E0  3001               	movlw	1
  1692     00E1  07A1               	addwf	_contador_tela+1,f	;volatile
  1693     00E2  3000               	movlw	0
  1694     00E3  1803               	skipnc
  1695     00E4  3001               	movlw	1
  1696     00E5  07A2               	addwf	_contador_tela+2,f	;volatile
  1697     00E6  3000               	movlw	0
  1698     00E7  1803               	skipnc
  1699     00E8  3001               	movlw	1
  1700     00E9  07A3               	addwf	_contador_tela+3,f	;volatile
  1701                           
  1702                           ;main.c: 112:             if(contador_tela >= tempo_tela)
  1703     00EA  083D               	movf	_tempo_tela+3,w
  1704     00EB  0223               	subwf	_contador_tela+3,w	;volatile
  1705     00EC  1D03               	skipz
  1706     00ED  28F8               	goto	u62_25
  1707     00EE  083C               	movf	_tempo_tela+2,w
  1708     00EF  0222               	subwf	_contador_tela+2,w	;volatile
  1709     00F0  1D03               	skipz
  1710     00F1  28F8               	goto	u62_25
  1711     00F2  083B               	movf	_tempo_tela+1,w
  1712     00F3  0221               	subwf	_contador_tela+1,w	;volatile
  1713     00F4  1D03               	skipz
  1714     00F5  28F8               	goto	u62_25
  1715     00F6  083A               	movf	_tempo_tela,w
  1716     00F7  0220               	subwf	_contador_tela,w	;volatile
  1717     00F8                     u62_25:
  1718     00F8  1C03               	skipc
  1719     00F9  28FB               	goto	u62_21
  1720     00FA  28FC               	goto	u62_20
  1721     00FB                     u62_21:
  1722     00FB  28FD               	goto	i1l80
  1723     00FC                     u62_20:
  1724     00FC                     i1l1079:
  1725                           
  1726                           ;main.c: 113:             {;main.c: 114:                 parar_tela();
  1727     00FC  2235               	fcall	_parar_tela
  1728     00FD                     i1l80:
  1729     00FD  0871               	movf	??_isr+1,w
  1730     00FE  008A               	movwf	10
  1731     00FF  0E70               	swapf	??_isr,w
  1732     0100  0083               	movwf	3
  1733     0101  0EFE               	swapf	btemp,f
  1734     0102  0E7E               	swapf	btemp,w
  1735     0103  0009               	retfie
  1736     0104                     __end_of_isr:
  1737                           
  1738                           	psect	intentry
  1739     0004                     __pintentry:	
  1740                           ;incstack = 0
  1741                           ; Regs used in _isr: [wreg+status,2+status,0+pclath+cstack]
  1742                           
  1743     0004                     interrupt_function:
  1744     007E                     saved_w         set	btemp
  1745     0004  00FE               	movwf	btemp
  1746     0005  0E03               	swapf	3,w
  1747     0006  00F0               	movwf	??_isr
  1748     0007  080A               	movf	10,w
  1749     0008  00F1               	movwf	??_isr+1
  1750     0009  28A6               	ljmp	_isr
  1751                           
  1752                           	psect	text11
  1753     0227                     __ptext11:	
  1754 ;; *************** function i1_parar_motor *****************
  1755 ;; Defined at:
  1756 ;;		line 324 in file "main.c"
  1757 ;; Parameters:    Size  Location     Type
  1758 ;;		None
  1759 ;; Auto vars:     Size  Location     Type
  1760 ;;		None
  1761 ;; Return value:  Size  Location     Type
  1762 ;;                  1    wreg      void 
  1763 ;; Registers used:
  1764 ;;		wreg, status,2
  1765 ;; Tracked objects:
  1766 ;;		On entry : 0/0
  1767 ;;		On exit  : 0/0
  1768 ;;		Unchanged: 0/0
  1769 ;; Data sizes:     COMMON   BANK0   BANK1   BANK2
  1770 ;;      Params:         0       0       0       0
  1771 ;;      Locals:         0       0       0       0
  1772 ;;      Temps:          0       0       0       0
  1773 ;;      Totals:         0       0       0       0
  1774 ;;Total ram usage:        0 bytes
  1775 ;; Hardware stack levels used: 1
  1776 ;; This function calls:
  1777 ;;		Nothing
  1778 ;; This function is called by:
  1779 ;;		_isr
  1780 ;; This function uses a non-reentrant model
  1781 ;;
  1782                           
  1783     0227                     i1_parar_motor:	
  1784                           ;psect for function i1_parar_motor
  1785                           
  1786     0227                     i1l1059:	
  1787                           ;incstack = 0
  1788                           ; Regs used in i1_parar_motor: [wreg+status,2]
  1789                           
  1790                           
  1791                           ;main.c: 326:     PORTAbits.RA3 = 0;
  1792     0227  1283               	bcf	3,5	;RP0=0, select bank0
  1793     0228  1303               	bcf	3,6	;RP1=0, select bank0
  1794     0229  1185               	bcf	5,3	;volatile
  1795                           
  1796                           ;main.c: 327:     PORTBbits.RB1 = 0;
  1797     022A  1086               	bcf	6,1	;volatile
  1798     022B                     i1l1061:
  1799                           
  1800                           ;main.c: 328:     contador_motor = 0;
  1801     022B  3000               	movlw	0
  1802     022C  00A7               	movwf	_contador_motor+3	;volatile
  1803     022D  3000               	movlw	0
  1804     022E  00A6               	movwf	_contador_motor+2	;volatile
  1805     022F  3000               	movlw	0
  1806     0230  00A5               	movwf	_contador_motor+1	;volatile
  1807     0231  3000               	movlw	0
  1808     0232  00A4               	movwf	_contador_motor	;volatile
  1809     0233                     i1l1063:
  1810                           
  1811                           ;main.c: 329:     estado_motor = MOT_PARADO;
  1812     0233  01FB               	clrf	_estado_motor	;volatile
  1813     0234                     i1l142:
  1814     0234  0008               	return
  1815     0235                     __end_ofi1_parar_motor:
  1816                           
  1817                           	psect	text12
  1818     0235                     __ptext12:	
  1819 ;; *************** function _parar_tela *****************
  1820 ;; Defined at:
  1821 ;;		line 355 in file "main.c"
  1822 ;; Parameters:    Size  Location     Type
  1823 ;;		None
  1824 ;; Auto vars:     Size  Location     Type
  1825 ;;		None
  1826 ;; Return value:  Size  Location     Type
  1827 ;;                  1    wreg      void 
  1828 ;; Registers used:
  1829 ;;		wreg, status,2
  1830 ;; Tracked objects:
  1831 ;;		On entry : 0/0
  1832 ;;		On exit  : 0/0
  1833 ;;		Unchanged: 0/0
  1834 ;; Data sizes:     COMMON   BANK0   BANK1   BANK2
  1835 ;;      Params:         0       0       0       0
  1836 ;;      Locals:         0       0       0       0
  1837 ;;      Temps:          0       0       0       0
  1838 ;;      Totals:         0       0       0       0
  1839 ;;Total ram usage:        0 bytes
  1840 ;; Hardware stack levels used: 1
  1841 ;; This function calls:
  1842 ;;		Nothing
  1843 ;; This function is called by:
  1844 ;;		_isr
  1845 ;; This function uses a non-reentrant model
  1846 ;;
  1847                           
  1848     0235                     _parar_tela:	
  1849                           ;psect for function _parar_tela
  1850                           
  1851     0235                     i1l951:	
  1852                           ;incstack = 0
  1853                           ; Regs used in _parar_tela: [wreg+status,2]
  1854                           
  1855                           
  1856                           ;main.c: 357:     PORTBbits.RB0 = 0;
  1857     0235  1283               	bcf	3,5	;RP0=0, select bank0
  1858     0236  1303               	bcf	3,6	;RP1=0, select bank0
  1859     0237  1006               	bcf	6,0	;volatile
  1860     0238                     i1l953:
  1861                           
  1862                           ;main.c: 358:     contador_tela = 0;
  1863     0238  3000               	movlw	0
  1864     0239  00A3               	movwf	_contador_tela+3	;volatile
  1865     023A  3000               	movlw	0
  1866     023B  00A2               	movwf	_contador_tela+2	;volatile
  1867     023C  3000               	movlw	0
  1868     023D  00A1               	movwf	_contador_tela+1	;volatile
  1869     023E  3000               	movlw	0
  1870     023F  00A0               	movwf	_contador_tela	;volatile
  1871     0240                     i1l955:
  1872                           
  1873                           ;main.c: 359:     tela_ativa = 0;
  1874     0240  01FA               	clrf	_tela_ativa	;volatile
  1875     0241                     i1l151:
  1876     0241  0008               	return
  1877     0242                     __end_of_parar_tela:
  1878     0000                     ___latbits      equ	0
  1879     007E                     btemp           set	126	;btemp
  1880     007E                     btemp0          set	126
  1881     007F                     btemp1          set	127
  1882     007E                     wtemp0          set	126
  1883     007F                     wtemp0a         set	127
  1884     007F                     ttemp0a         set	127
  1885     0080                     ltemp0a         set	128
  1886                           
  1887                           	psect	config
  1888                           
  1889                           ;Config register CONFIG @ 0x2007
  1890                           ;	Oscillator Selection bits
  1891                           ;	FOSC = INTOSCIO, INTOSC oscillator: I/O function on RA6/OSC2/CLKOUT pin, I/O function 
      +                          on RA7/OSC1/CLKIN
  1892                           ;	Watchdog Timer Enable bit
  1893                           ;	WDTE = OFF, WDT disabled
  1894                           ;	Power-up Timer Enable bit
  1895                           ;	PWRTE = OFF, PWRT disabled
  1896                           ;	RA5/MCLR/VPP Pin Function Select bit
  1897                           ;	MCLRE = ON, RA5/MCLR/VPP pin function is MCLR
  1898                           ;	Brown-out Detect Enable bit
  1899                           ;	BOREN = OFF, BOD disabled
  1900                           ;	Low-Voltage Programming Enable bit
  1901                           ;	LVP = OFF, RB4/PGM pin has digital I/O function, HV on MCLR must be used for programmi
      +                          ng
  1902                           ;	Data EE Memory Code Protection bit
  1903                           ;	CPD = OFF, Data memory code protection off
  1904                           ;	Flash Program Memory Code Protection bit
  1905                           ;	CP = OFF, Code protection off
  1906     2007                     	org	8199
  1907     2007  3F38               	dw	16184

Data Sizes:
    Strings     0
    Constant    0
    Data        8
    BSS         16
    Persistent  0
    Stack       0

Auto Spaces:
    Space          Size  Autos    Used
    COMMON           14     10      12
    BANK0            80     12      34
    BANK1            80      0       0
    BANK2            48      0       0

Pointer List with Targets:

    None.

Critical Paths under _main in COMMON

    _main->_define_timer
    _define_timer->_tempo_por_bits

Critical Paths under _isr in COMMON

    None.

Critical Paths under _main in BANK0

    _main->_le_entradas_debounce

Critical Paths under _isr in BANK0

    None.

Critical Paths under _main in BANK1

    None.

Critical Paths under _isr in BANK1

    None.

Critical Paths under _main in BANK2

    None.

Critical Paths under _isr in BANK2

    None.

Call Graph Tables:

 ---------------------------------------------------------------------------------
 (Depth) Function   	        Calls       Base Space   Used Autos Params    Refs
 ---------------------------------------------------------------------------------
 (0) _main                                                 0     0      0     487
                    _atualizar_motor
                     _atualizar_tela
                       _define_timer
               _le_entradas_debounce
                              _setup
 ---------------------------------------------------------------------------------
 (1) _setup                                                0     0      0       0
 ---------------------------------------------------------------------------------
 (1) _le_entradas_debounce                                14    14      0     410
                                              2 COMMON     2     2      0
                                              0 BANK0     12    12      0
 ---------------------------------------------------------------------------------
 (1) _define_timer                                         3     3      0      77
                                              7 COMMON     3     3      0
                     _tempo_por_bits
 ---------------------------------------------------------------------------------
 (2) _tempo_por_bits                                       5     1      4      29
                                              2 COMMON     5     1      4
 ---------------------------------------------------------------------------------
 (1) _atualizar_tela                                       0     0      0       0
 ---------------------------------------------------------------------------------
 (1) _atualizar_motor                                      0     0      0       0
                    _iniciar_descida
                     _iniciar_subida
                        _parar_motor
 ---------------------------------------------------------------------------------
 (2) _parar_motor                                          0     0      0       0
 ---------------------------------------------------------------------------------
 (2) _iniciar_subida                                       0     0      0       0
 ---------------------------------------------------------------------------------
 (2) _iniciar_descida                                      0     0      0       0
 ---------------------------------------------------------------------------------
 Estimated maximum stack depth 2
 ---------------------------------------------------------------------------------
 (Depth) Function   	        Calls       Base Space   Used Autos Params    Refs
 ---------------------------------------------------------------------------------
 (3) _isr                                                  2     2      0       0
                                              0 COMMON     2     2      0
                         _parar_tela
                      i1_parar_motor
 ---------------------------------------------------------------------------------
 (4) i1_parar_motor                                        0     0      0       0
 ---------------------------------------------------------------------------------
 (4) _parar_tela                                           0     0      0       0
 ---------------------------------------------------------------------------------
 Estimated maximum stack depth 4
 ---------------------------------------------------------------------------------

 Call Graph Graphs:

 _main (ROOT)
   _atualizar_motor
     _iniciar_descida
     _iniciar_subida
     _parar_motor
   _atualizar_tela
   _define_timer
     _tempo_por_bits
   _le_entradas_debounce
   _setup

 _isr (ROOT)
   _parar_tela
   i1_parar_motor

Address spaces:
Name               Size   Autos  Total    Usage
BANK2               48      0       0      0.0%
BITBANK2            48      0       0      0.0%
BANK1               80      0       0      0.0%
BITBANK1            80      0       0      0.0%
BANK0               80     12      34     42.5%
BITBANK0            80      0       0      0.0%
COMMON              14     10      12     85.7%
BITCOMMON           14      0       0      0.0%
DATA                 0      0      46      0.0%
STACK                0      0       0      0.0%


Microchip Technology PIC Macro Assembler V3.10 build 20250813170317 
Symbol Table                                                                                   Sun May 17 18:14:32 2026

            ?_iniciar_descida 0070                            l91 01EB                            l94 007D  
                          l95 0085                            l96 008D                            l97 0095  
                          l98 009D                            fsr 0004                           l100 00A5  
                         l103 01B2                           l108 0187                           l125 0141  
                         l117 0152                           l142 0226                           l135 0218  
                         l129 0150                           l146 01D1                           l139 0202  
                         l148 01D2                           l901 021D                           l903 0225  
                         l911 015E                           l905 0154                           l761 01E9  
                         l753 01D3                           l931 0203                           l915 0167  
                         l907 0155                           l763 01EA                           l755 01DD  
                         l941 01EC                           l933 0208                           l757 01E1  
                         l943 01F2                           l935 0212                           l919 0170  
                         l759 01E5                           l945 01FC                           l937 0214  
                         l929 0179                           l961 0051                           l947 01FE  
                         l939 0217                           l971 0069                           l963 0056  
                         l949 0201                           l981 0093                           l973 0073  
                         l965 0059                           l957 0024                           l991 018E  
                         l983 009B                           l975 007B                           l967 005E  
                         l959 0048                           l993 0198                           l985 00A3  
                         l977 0083                           l969 0063                           l899 0219  
                         l995 019A                           l987 0188                           l979 008B  
                         _GIE 005F                           l997 01A6                           l989 018C  
                         l999 0104                           u320 0208                           u400 009B  
                         u321 0207                           u401 009A                           u330 01F2  
                         u410 00A3                           u331 01F1                           u411 00A2  
                         u500 0133                           u501 0132                           u510 013B  
                         u430 010B                           u511 013A                           u431 010A  
                         u520 0140                           u440 0110                           u360 007B  
                         u521 013F                           u441 010F                           u425 0191  
                         u361 007A                           u345 003F                           u530 014A  
                         u450 0117                           u370 0083                           u531 0149  
                         u451 0116                           u371 0082                           u355 006C  
                         u540 014F                           u460 011C                           u380 008B  
                         u541 014E                           u461 011B                           u381 008A  
                         u470 0121                           u550 01BA                           u390 0093  
                         u471 0120                           u551 01B9                           u391 0092  
                         u480 0129                           u560 01BF                           u481 0128  
                         u561 01BE                           u490 012E                           u570 01CF  
                         u491 012D                           u571 01CE                           u637 004C  
               _contador_tela 0020                           _isr 00A6                           indf 0000  
                        l1001 010B                          l1011 011C                          l1003 0110  
                        l1021 0129                          l1023 012E                          l1031 0136  
                        l1015 0122                          l1007 0112                          l1033 013B  
                        l1009 0117                          l1027 0134                          l1019 0124  
                        l1051 01C7                          l1037 0144                          l1053 01C9  
                        l1045 01B3                          l1039 014A                          l1047 01BA  
                        l1055 01CA                          l1057 01CF                          l1049 01BF  
                        l1081 0252                          l1083 0253                          l1085 0254  
                        l1087 0255                          l1089 0256                          ?_isr 0070  
                        _T0IE 005D                          _T0IF 005A                          i1l80 00FD  
                        _TMR0 0001                _contador_motor 0024          __end_of_define_timer 01B3  
            ??_tempo_por_bits 0076                          _main 0252                          btemp 007E  
      define_timer@bits_motor 0078                          start 000A             ??_atualizar_motor 0072  
                       ??_isr 0070                         ?_main 0070                         _CMCON 001F  
                       i1l142 0234                         i1l151 0241                         i1l951 0235  
                       i1l953 0238                         i1l955 0240                         _PORTA 0005  
                       _PORTB 0006                         u60_20 00D4                         u60_21 00D3  
                       u60_25 00D0                         u61_20 00DA                         u61_21 00D9  
                       _DW_ok 002C                         u62_20 00FC                         u62_21 00FB  
                       u62_25 00F8                         _TRISA 0085                         _TRISB 0086  
                       u58_20 00AA                         u58_21 00A9                         u59_20 00B4  
                       u59_21 00B3                         _UP_ok 002D                         _setup 01D3  
                       btemp0 007E                         btemp1 007F                         pclath 000A  
                ?_parar_motor 0070                         status 0003                         wtemp0 007E  
             __initialization 000B                  __end_of_main 0259                        ??_main 007A  
              _atualizar_tela 01B3                        ?_setup 0070                        i1l1061 022B  
                      i1l1063 0233                        i1l1071 00B4                        i1l1073 00D4  
                      i1l1065 00A6                        i1l1059 0227                        i1l1075 00D5  
                      i1l1067 00AA                        i1l1077 00DA                        i1l1069 00AF  
                      i1l1079 00FC     le_entradas_debounce@tela1 0030     le_entradas_debounce@tela2 0036  
      __end_of_atualizar_tela 01D3                        ltemp0a 0080                        saved_w 007E  
                      ttemp0a 007F                        wtemp0a 007F       __end_of__initialization 0022  
              __pcstackCOMMON 0070                  __pidataBANK0 0242                 __end_of_setup 01EC  
             ?_atualizar_tela 0070                  _define_timer 0188           tempo_por_bits@valor 0076  
                     ??_setup 0072                    __pbssBANK0 0020               _atualizar_motor 0104  
                  _fim_INF_ok 0029                    __pmaintext 0252                    _fim_SUP_ok 002A  
                  __pintentry 0004  __end_of_le_entradas_debounce 00A6                       _TELA_ok 002B  
              _iniciar_subida 0203                 i1_parar_motor 0227                       __ptext1 01D3  
                     __ptext2 0024                       __ptext3 0188                       __ptext4 0153  
                     __ptext5 01B3                       __ptext6 0104                       __ptext7 0219  
                     __ptext8 0203                       __ptext9 01EC                    _parar_tela 0235  
     __end_of_atualizar_motor 0153                       clrloop0 024B          end_of_initialization 0022  
      __end_of_iniciar_subida 0219                ?i1_parar_motor 0070                    _tela_ativa 007A  
                  _tempo_tela 003A                     _PORTAbits 0005                     _PORTBbits 0006  
           ??_iniciar_descida 0072               ?_iniciar_subida 0070          _le_entradas_debounce 0024  
       define_timer@bits_tela 0079              ??_atualizar_tela 0072                   ?_parar_tela 0070  
         start_initialization 000B              ?_atualizar_motor 0070                   __end_of_isr 0104  
             ??i1_parar_motor 0070         ?_le_entradas_debounce 0070                   __pdataBANK0 003A  
                _estado_motor 007B                   __pbssCOMMON 007A                     ___latbits 0000  
               __pcstackBANK0 002E                 ??_parar_motor 0072                _tempo_por_bits 0153  
      ??_le_entradas_debounce 0072             interrupt_function 0004                     clear_ram0 024A  
      __end_of_tempo_por_bits 0188           __end_of_parar_motor 0227               _iniciar_descida 01EC  
            ??_iniciar_subida 0072      le_entradas_debounce@inf1 0032      le_entradas_debounce@inf2 0038  
             ?_tempo_por_bits 0072      le_entradas_debounce@sup1 0031      le_entradas_debounce@sup2 0037  
               ?_define_timer 0070                 _tempo_bits_ok 0028                  ??_parar_tela 0070  
                    __ptext10 00A6                      __ptext11 0227                      __ptext12 0235  
                 _parar_motor 0219            __end_of_parar_tela 0242       __end_of_iniciar_descida 0203  
              ??_define_timer 0077       le_entradas_debounce@dw1 002F       le_entradas_debounce@dw2 0035  
     le_entradas_debounce@up1 002E       le_entradas_debounce@up2 0034                      intlevel1 0000  
       __end_ofi1_parar_motor 0235                    _OPTION_REG 0081                   _tempo_motor 003E  
  le_entradas_debounce@tempo1 0033    le_entradas_debounce@tempo2 0039  
